"","Favorable:(Intercept)","Favorable:age_Dx","Favorable:sexM","Favorable:SES2","Favorable:SES3","Favorable:SES4","Favorable:SES5","Favorable:ruralY","Favorable:distanceshort","Favorable:dxyear2003","Favorable:dxyear2004","Favorable:dxyear2005","Favorable:dxyear2006","Favorable:dxyear2007","Favorable:dxyear2008","Favorable:dxyear2009","Favorable:dxyear2010","Favorable:dxyear2011","Favorable:dxyear2012","Favorable:lineageT","Favorable:protocolDFCI","Neutral:(Intercept)","Neutral:age_Dx","Neutral:sexM","Neutral:SES2","Neutral:SES3","Neutral:SES4","Neutral:SES5","Neutral:ruralY","Neutral:distanceshort","Neutral:dxyear2003","Neutral:dxyear2004","Neutral:dxyear2005","Neutral:dxyear2006","Neutral:dxyear2007","Neutral:dxyear2008","Neutral:dxyear2009","Neutral:dxyear2010","Neutral:dxyear2011","Neutral:dxyear2012","Neutral:lineageT","Neutral:protocolDFCI","Unfavorable:(Intercept)","Unfavorable:age_Dx","Unfavorable:sexM","Unfavorable:SES2","Unfavorable:SES3","Unfavorable:SES4","Unfavorable:SES5","Unfavorable:ruralY","Unfavorable:distanceshort","Unfavorable:dxyear2003","Unfavorable:dxyear2004","Unfavorable:dxyear2005","Unfavorable:dxyear2006","Unfavorable:dxyear2007","Unfavorable:dxyear2008","Unfavorable:dxyear2009","Unfavorable:dxyear2010","Unfavorable:dxyear2011","Unfavorable:dxyear2012","Unfavorable:lineageT","Unfavorable:protocolDFCI"
"Favorable:(Intercept)",0.880268929122812,-0.0222395035103833,-0.114297130461985,-0.16993362787297,-0.137144825573442,-0.143872973669968,-0.173804486802813,-0.266741051993788,-0.374938491409865,-0.198073871755253,-0.115629690533894,-0.200832423608608,-0.117582979114003,-0.202387635862645,-0.140147679816916,-0.212430740400213,-0.0468153117032304,-0.0836114998251623,-0.093814446148803,-0.00187795891592858,-0.00983031081641212,0.681215959603646,-0.0212325531696009,-0.104453601781321,-0.15681115459652,-0.123508193762921,-0.131228550002141,-0.158051923572275,-0.251325488930087,-0.361161663929952,-0.0377926730390796,0.0484160144136543,-0.0388516687275818,0.0486145785718317,-0.0388924308654645,0.0277509916401876,-0.0479610885883919,0.117114903677209,0.0820988844506244,0.071201036984263,0.00153859430937019,-0.00135630027887552,0.386285166062455,-0.0207398564416923,-0.10216608203072,-0.151907573929987,-0.116714237124694,-0.129470196754817,-0.147666360774204,-0.244943185481225,-0.355828814438771,0.235866544790675,0.364098017781137,0.239684092336102,0.337661243958499,0.24128006672819,0.312020448627583,0.237792090867419,0.400747950942129,0.403222631182586,0.355021980154768,0.000339364610800819,0.0111866110950515
"Favorable:age_Dx",-0.0222395035103481,0.00286330398074797,-0.00228543991862387,-0.00593301872127561,-0.00592263317010286,-0.00891734373891792,-0.00395581635983444,0.0000476486733020023,0.00530240643185755,0.0000848432069772945,-0.00887949924980138,0.0000677562943988859,-0.00263216306375074,0.0000583221652902672,-0.000527343830795542,0.00386775864984963,-0.00444039342940609,-0.00196904419975765,-0.00475110172595647,-0.000250124398927304,-0.00000555914758865766,-0.0212774665985539,0.00267439152588904,-0.00222113632039573,-0.00555086483419167,-0.0054580105632718,-0.00842551435716583,-0.00363979663903772,-0.00000801577178326971,0.00523115595493355,-0.0000699089804602241,-0.00922237781633254,-0.0000643791462447484,-0.00299911595594282,-0.0000450793358107286,-0.0010458975551876,0.0032404995194641,-0.00480937045375195,-0.0025409998253138,-0.00508135774554704,0.0000863556779368121,-0.00000761131579330358,-0.0212986208889018,0.00265950434547329,-0.00222947401724965,-0.00550214844296338,-0.00528591382269956,-0.0082630628599988,-0.00351308749697227,-0.0000102521372836195,0.00529842043226927,-0.0000149342264627446,-0.00935176708378448,-0.00000337714815276237,-0.00304184360051589,-0.0000132428294811482,-0.00111020216421715,0.00307510677473076,-0.00479755431119974,-0.00263516918696869,-0.00516377757034216,0.000163768721104939,0.0000131704633811628
"Favorable:sexM",-0.114297130462204,-0.00228543991861518,0.302859776197242,0.0338327075132895,0.0558877592346228,0.0516313735364848,0.0543505829028354,-0.0195511865230291,-0.071477427417859,0.00131505970319511,-0.027469752520713,0.000595265546091055,-0.0191514320194847,0.000573100322090748,-0.00809479758972985,-0.00757554284991831,-0.00767405938284798,-0.0217698674178626,-0.0112568102005725,-0.00183391422056914,0.000119275430570363,-0.10543816553244,-0.0021613416371713,0.290355030521243,0.031928989562715,0.0533950571655993,0.0488936540350519,0.0521476479825602,-0.0209841508960661,-0.0713468200240861,-0.000254651654611399,-0.027939869447025,-0.000320070660187422,-0.0199010451445927,-0.000309209794936496,-0.00919290852763588,-0.00722135522823964,-0.00874205176613876,-0.0225417644464274,-0.0119894104476966,0.000546161455585826,-0.000325883878451799,-0.103237026100555,-0.00228622371507897,0.288575796812745,0.0314269723615017,0.0531434181148407,0.0491085211294968,0.0510978818045162,-0.0198387812276402,-0.0712054486274545,-0.00106040804889344,-0.0285545947265282,-0.000275194885877626,-0.0206031220888542,-0.000263890527174671,-0.00985468974537382,-0.00824607233998311,-0.0090150418824674,-0.0241041834997571,-0.0120736519956243,0.00128775276346831,0.000206608447889519
"Favorable:SES2",-0.169933627873108,-0.00593301872126568,0.0338327075132656,0.782224344347464,0.21177258647391,0.250565717233592,0.232996004063909,0.114635695048266,0.00931903361321151,-0.00380882859700791,0.0283104686343277,-0.00239467837187412,-0.000357445505829163,-0.000579783978822883,-0.03878459152602,-0.104871460955933,-0.015432212029828,-0.0697354443300086,0.028007201704589,0.0000942479320661876,0.00113321328919998,-0.15510702530846,-0.00571342943720976,0.0323287806968761,0.750642311573476,0.195360969205039,0.234158167963139,0.21715518840066,0.114759812300587,0.00850772130199958,0.00171612718977472,0.0294700427067202,0.00155248291315217,0.000382514143634072,0.000338018509893416,-0.0386422555641697,-0.100867415828926,-0.0133381757055154,-0.065240823674751,0.0303513348037935,0.000130305322582533,-0.00041032681364054,-0.153732753176244,-0.00560121742742701,0.0313489417528475,0.746564902732012,0.192917540255332,0.231710694507832,0.214690587835586,0.115099359305299,0.00823411267947755,0.00209270140964965,0.0317602587885281,0.000842195458768025,0.000983173057613579,0.000241765468887057,-0.0385609250787025,-0.0974939934497173,-0.012902573383259,-0.0631085684261963,0.0312964630052776,-0.000224553261979634,-0.000722886475497528
"Favorable:SES3",-0.13714482557356,-0.00592263317009531,0.0558877592346101,0.211772586473901,0.753186785055447,0.226338197096581,0.216326898008417,0.0151356211251712,-0.0336546714664567,0.00232717706012111,0.0310337364251866,-0.000349603208236964,0.0289218036000377,0.00032407111781788,-0.0120504835103402,-0.0568473134952238,-0.0381491001006208,-0.0577467103476126,-0.0221968185746243,0.000349785075803723,-0.000630798544037443,-0.120904184944716,-0.00572640988301361,0.0537571714979901,0.19512269671022,0.721985917172149,0.209252957700988,0.19981587668525,0.0146415987127288,-0.0328503928240329,-0.00106617508035661,0.0294065768228697,0.000265960039832713,0.0275865510608967,0.000109521811770974,-0.0127596495930994,-0.0552862773765088,-0.0370810622467432,-0.0583514649271574,-0.0206712649624844,0.000144585394587588,0.000595745280370826,-0.119152473549076,-0.00553443559278546,0.0527821905343268,0.192690271685421,0.718300514334241,0.206605604175832,0.196909944592328,0.0157944014699317,-0.0334838897342027,-0.00126100197864153,0.0300178413975096,0.0000836431684869371,0.0276626023397988,-0.000433592929622916,-0.0130536133488693,-0.0532738464668303,-0.0371174427435915,-0.0573151841692513,-0.0199327935198786,-0.000494370476935945,0.0000350532637751193
"Favorable:SES4",-0.143872973670153,-0.00891734373890874,0.0516313735364925,0.250565717233611,0.226338197096599,0.810674963149078,0.247742193598245,0.115469942264106,-0.0230480757927946,-0.00169553192048383,0.061500267617245,-0.000463257929279528,0.0305351833784163,-0.000853514972383455,-0.0349073383650642,-0.117610349085164,-0.0653081094436697,-0.0588934771138512,0.0422438814852811,0.000156926785294506,-0.000426842244239629,-0.128767350694788,-0.00871444498949154,0.0491070207633273,0.233992470109911,0.209340827843628,0.778053714386434,0.23141764945749,0.11521214247875,-0.0228186068974325,0.000711983039433674,0.061699720663252,0.00036501224564773,0.0316114368734496,0.000276209829924027,-0.0329466227824149,-0.113864818326639,-0.0622275453061979,-0.0571411545006468,0.0448074693642067,-0.0000873125852852627,-0.0000337146954036088,-0.126151769837794,-0.00870753675077479,0.0491964828005527,0.232107431012209,0.207075299846135,0.774779711141044,0.229177111256885,0.116304977965052,-0.0239394543742097,0.000983548883142282,0.0627361534370116,0.0000982456836615864,0.0310709831023954,0.000577305142424932,-0.0333460068315092,-0.113896085666451,-0.0619534249624078,-0.0580622205335037,0.0451592228515871,-0.000069614208065012,0.000460556939747521
"Favorable:SES5",-0.173804486802976,-0.00395581635982428,0.0543505829028195,0.232996004063915,0.216326898008423,0.247742193598234,0.53465111168281,0.0744321496821864,-0.0179283518130963,0.000441726422876665,0.0738330759781261,0.00168134427357417,0.019630374687224,0.00153414418210957,-0.068650865388692,-0.0913219522102207,-0.0345356188087184,-0.0858395316896872,0.0290069575618159,-0.000509564429751448,-0.000322961646160118,-0.155962559921563,-0.00383067463063917,0.0522286972780028,0.217048307209601,0.199990071074864,0.231398955252019,0.500645558754851,0.0746131292213798,-0.0178441515387578,-0.000514675147042644,0.0736829127545238,-0.000560583539728957,0.0169537507249473,-0.000731179527964525,-0.0716010407080438,-0.0909062344976175,-0.0338256715123009,-0.0876221429666377,0.0273620620896458,0.000521076155873908,0.000412533004497769,-0.154795368528299,-0.00367545892317195,0.0512617248779601,0.214803581578394,0.197429017402217,0.228802287410126,0.496250229064637,0.0756912612876044,-0.0177043549856227,0.0000729487271619628,0.0737710557454928,-0.00112076073381125,0.017076590297894,-0.000802964654174878,-0.0715255360837631,-0.0881984001424921,-0.0335250059761344,-0.0865132078969731,0.0281841037122999,-0.0000115117326565857,-0.0000895713582458033
"Favorable:ruralY",-0.26674105199382,0.00004764867331353,-0.0195511865230775,0.114635695048232,0.0151356211251439,0.115469942264066,0.0744321496821464,0.631022625334224,0.218188765124254,-0.000799305184147811,0.0249355354606925,0.00252770609177687,-0.0141592598113566,0.0028780962290254,-0.0513107297303741,-0.057724129905916,-0.0197444453303851,-0.086185893982584,-0.0428224596117961,0.00239711126973624,0.000473969862969569,-0.253818532730876,0.0000970836598825319,-0.0209191594609331,0.114892994302501,0.0156858395231563,0.115142667211734,0.0751515322378618,0.593923493415827,0.209094696341425,0.000790028311246912,0.0244657683480158,-0.000229498401016793,-0.0132838079217597,-0.000418722607312927,-0.0510111136729397,-0.0591194060941181,-0.0223141577510079,-0.0878618023266819,-0.0456877029591326,-0.00112807223368696,-0.00033455995283725,-0.251895707174271,0.0000283194449600541,-0.0198135873899898,0.115988091878378,0.0167201841192646,0.116295546933607,0.076378685909689,0.591084206913293,0.20846466424769,0.00000927687571961614,0.023795058559624,-0.0022982076907203,-0.0153489769364927,-0.00245937362175973,-0.0526152228018321,-0.0630101191396071,-0.023697597544126,-0.0916218210655861,-0.0481339748145232,-0.00126903904030696,-0.000139409910090908
"Favorable:distanceshort",-0.374938491409741,0.00530240643186983,-0.071477427417945,0.00931903361314049,-0.0336546714665098,-0.0230480757928617,-0.0179283518131722,0.218188765124206,0.509422770678533,-0.000706960764334384,-0.0208548544550366,-0.000664701023148337,-0.085232061207308,-0.00167208361814672,-0.0628068953110798,0.0162778245811624,-0.0401194434462544,-0.0860102584968308,-0.0920652043425918,0.000618648883486262,-0.00158391379074698,-0.361972707046743,0.00532234003016061,-0.0716460944682351,0.00888164673606846,-0.0324161798266923,-0.022228112183996,-0.017287571881628,0.208829938046141,0.489855571277653,0.000713629550448716,-0.0201445916942246,0.000629083755922001,-0.0832427615338006,0.00104562532259151,-0.060004078250063,0.0190282076652777,-0.038112835409232,-0.0847237436925544,-0.091199196677167,-0.000268524208518455,0.000511995568016344,-0.359559534919545,0.00531811752507066,-0.0710345301369174,0.00875056112955173,-0.0327263650842066,-0.0227665495636467,-0.0170564235342573,0.20831386260375,0.487652559324575,-0.00000666878330873259,-0.0229604656451237,0.0000356172672828772,-0.0842645839610567,0.000626458295507852,-0.0608444372107835,0.0180552262874593,-0.038258928339944,-0.08621681275679,-0.0927723781347634,-0.000350124675481249,0.00107191822276066
"Favorable:dxyear2003",-0.198073871755385,0.0000848432069883144,0.00131505970313862,-0.00380882859699962,0.00232717706011777,-0.00169553192049642,0.000441726422871216,-0.000799305184111127,-0.000706960764246069,0.367438422650867,0.19817760605319,0.198607709301658,0.198074832701929,0.197588592856079,0.197956819562715,0.198419069031062,0.19806695840147,0.198784691574208,0.198070373712847,0.00285748821889786,-0.00377329273209401,-0.0381352234696074,-0.0000558028313504353,-0.000657199284803527,0.0033748619011609,-0.00121943972026701,0.000556525191622875,-0.000508091448698444,0.00044969820927229,0.000979586030813395,0.0173952381158917,0.037362491504144,0.0371700645577689,0.0372431950710932,0.0373971596244485,0.0377996703418091,0.0375016510094138,0.0376599330540747,0.0373612684177373,0.0378875184452269,-0.00154866731481448,-0.0015677618988452,0.234823306679988,0.0000650973634948365,-0.004831753116184,0.0127998572000163,-0.00728180359715852,0.00657377653515041,0.00166516369913197,0.00402321234998544,-0.000369524101445607,-0.384833660766857,-0.236809647587914,-0.235777773859433,-0.235681724789977,-0.234985752480522,-0.236131421133187,-0.236766348159345,-0.235814782698937,-0.236168613595755,-0.234374556042238,-0.00130882090413898,0.00534105463110006
"Favorable:dxyear2004",-0.115629690534155,-0.0088794992497891,-0.0274697525207488,0.0283104686343452,0.0310337364251866,0.061500267617236,0.0738330759781333,0.0249355354607748,-0.0208548544548815,0.198177606053218,0.829500789586196,0.199630228858549,0.1341792214493,0.200462288651412,0.134708174602667,0.125574357306763,0.0672250517237612,0.138266874001723,0.13913461854494,0.00382266933971907,0.00590587009505356,0.046250030172554,-0.00890945796715694,-0.0291291142789828,0.0286670610950168,0.0291935493935229,0.0609256965631746,0.0731581619006072,0.0238605418402906,-0.0199570009852156,0.0375899736083452,0.612303088449438,0.0392719291155892,-0.0274115437853682,0.0399554848161447,-0.0268456144408405,-0.0345750125421447,-0.0934111740286216,-0.0214540024174986,-0.0211654268437335,-0.00127882601168487,0.0042655264135143,0.338659912604609,-0.00902512190020673,-0.03022416239144,0.0230106810790298,0.0202228716247681,0.0567483416958542,0.0604554735029373,0.0168410441995463,-0.0240827719562246,-0.235767579661189,0.273861791195637,-0.23890215797416,-0.314163801657086,-0.240417773467546,-0.309403630277745,-0.317897630601048,-0.376509054534812,-0.339507604480186,-0.303124792094917,-0.00254384333083452,-0.0101713965083066
"Favorable:dxyear2005",-0.200832423608754,0.0000677562944103755,0.000595265546029873,-0.00239467837186904,-0.000349603208248213,-0.000463257929300529,0.00168134427356322,0.00252770609181859,-0.00066470102305166,0.198607709301668,0.199630228858533,0.23909714664739,0.200164621035093,0.200850628695003,0.20028342798173,0.200599881778593,0.200202730335611,0.200610706184073,0.200492094239374,0.00282195955934526,0.00468153172623643,-0.0390873133049341,-0.0000297512903060379,-0.000581990359135417,0.00239511857728304,0.000289414400445769,0.000018802108182426,-0.000473504643356342,-0.00125408182088889,0.000875873165792497,0.0371735711276467,0.0392272888454192,0.0409101293912782,0.0388723731122795,0.0389224000638376,0.0387333166017203,0.0389218219513491,0.0388122610745998,0.038705493319858,0.0387711451558553,-0.00110740946354241,0.00210312820882831,0.24259694696059,-0.0000684370419121537,-0.000682150383639414,0.00524247861912704,0.000757165129070453,0.000295046130346322,-0.00888736342958154,-0.00835175139125919,-0.0000531922038020621,-0.235781280429477,-0.237378418837535,-0.280007276038673,-0.239152538327721,-0.239773028758835,-0.238699045003438,-0.23915700580344,-0.238875728349385,-0.238788665272314,-0.239294116494746,-0.00171455009581866,-0.0067846599349076
"Favorable:dxyear2006",-0.117582979114183,-0.00263216306374031,-0.0191514320195319,-0.000357445505828816,0.0289218036000243,0.0305351833783929,0.0196303746872141,-0.0141592598112992,-0.0852320612071865,0.198074832701944,0.134179221449287,0.200164621035101,0.706129981913249,0.201904233634212,0.163192764887901,0.152514889273896,0.0768925280468847,0.165369508110695,0.15006525543645,0.00151665209826657,0.00949262819542435,0.047484991333516,-0.00273214655484874,-0.0206194742302484,-0.00157497442581488,0.0253719241137101,0.0289404813648658,0.0156697921179255,-0.0142596421669292,-0.0822888078122338,0.0375402159049248,-0.0269993623785262,0.0388375161804326,0.520655620168937,0.0388766420165542,-0.00145142185827885,-0.0106177868353032,-0.08563448242121,0.00341982648690374,-0.0124859209506085,-0.00113264763617851,0.00179963662368122,0.338976831298463,-0.0031686481826781,-0.022177692352215,-0.0046608410932164,0.0197181953958722,0.0280577992568924,0.00673251073200943,-0.0210313993702537,-0.0866597358880758,-0.235615048607376,-0.338297908085844,-0.239002137215556,0.227608860984555,-0.24078087565075,-0.283766086288152,-0.294408667668992,-0.368817928248035,-0.314536347146972,-0.294128788906128,-0.000384004463032596,-0.011292264818963
"Favorable:dxyear2007",-0.202387635862797,0.0000583221653020697,0.000573100322039164,-0.000579783978807875,0.000324071117818623,-0.000853514972392012,0.00153414418210787,0.00287809622907334,-0.00167208361804722,0.197588592856076,0.20046228865138,0.20085062869499,0.201904233634193,0.245746050274341,0.20227770809472,0.202222196536153,0.201883039051858,0.201841695185683,0.201843887882405,0.00035078455412182,0.0108857607418749,-0.0385017254681538,-0.0000411138804113636,-0.000612433619564077,0.00069600666613924,0.0000416956236373952,-0.00007002587669793,-0.000855711705792074,-0.00162870484180829,0.00139843034088997,0.0373780347908714,0.04019777826083,0.0388453114839073,0.0391697935766918,0.0532003726706187,0.0386013544617764,0.0389661866779472,0.0390107595124514,0.0388913971564486,0.0387468503121158,-0.000907419669199521,0.0026946263375795,0.2446538532943,-0.000230693484338413,0.000244332815164032,-0.000177864574579967,-0.00297694019091642,0.000831848254290717,-0.0074912865803951,-0.00900608684388851,0.00291441451752224,-0.234966627647111,-0.236727320149298,-0.239695940178903,-0.241057694477059,-0.298946422944954,-0.241254555182025,-0.241146534171769,-0.240829376677682,-0.24045669811149,-0.240777781008662,0.000556635115070447,-0.0135803870792951
"Favorable:dxyear2008",-0.140147679817065,-0.000527343830784822,-0.00809479758978885,-0.0387845915260276,-0.0120504835103617,-0.0349073383651006,-0.0686508653887107,-0.0513107297303271,-0.0628068953109643,0.197956819562724,0.134708174602639,0.200283427981727,0.163192764887888,0.202277708094731,0.57454713425661,0.196707268293934,0.102356821199231,0.198456232149455,0.160532923967652,0.000774447115539383,0.0102559169448697,0.0251453938974906,-0.000733634449145161,-0.0099334215983239,-0.0397248991297564,-0.0142645501498139,-0.0350496206963076,-0.0710521166022458,-0.0516612084257426,-0.0595285866861548,0.0375846966994281,-0.0266438935150321,0.0389151632141107,-0.00106249636833022,0.0388377774771334,0.385146306428091,0.0330546409837375,-0.060772608789209,0.0362224008419082,-0.00250937377531707,-0.00129151867382808,0.00131125437935409,0.317783460863928,-0.00134152565235314,-0.0115004833759579,-0.0432538338413143,-0.0196066211517681,-0.0349553480293982,-0.0813813002286173,-0.0578931919964383,-0.063626804084362,-0.235541516263491,-0.3386509838213,-0.239198591195862,-0.288571774642859,-0.241115485571851,0.0991062972407991,-0.251603211197551,-0.344399568243901,-0.282290444169612,-0.284739935034636,0.000517071559786626,-0.0115671713240754
"Favorable:dxyear2009",-0.212430740400302,0.00386775864986175,-0.00757554285000227,-0.104871460955959,-0.0568473134952582,-0.117610349085214,-0.0913219522102576,-0.0577241299058854,0.0162778245812681,0.198419069031049,0.125574357306696,0.200599881778566,0.152514889273851,0.202222196536138,0.1967072682939,0.533755024168669,0.106365634104188,0.200205588430136,0.148014336904967,0.00159121379223611,0.00931749190625045,-0.0484244210361546,0.00339966396451959,-0.00838625174566206,-0.100840752086824,-0.0551022809845451,-0.113343304430127,-0.0903544846604408,-0.0606881388358422,0.0183127711467503,0.03739575981908,-0.0362678427990609,0.0386296673929393,-0.0118625828404064,0.0388435104146716,0.0314777964080261,0.338895679721599,-0.0573200586597335,0.0370502626067195,-0.0155446340487455,-0.0013547638810472,0.00188938515730372,0.241633076851978,0.00289794563621133,-0.00957343827637997,-0.102220585753419,-0.0592116118450835,-0.112364794654672,-0.0974418075540602,-0.0684482075583538,0.0149676356461871,-0.235814828851067,-0.348815083996684,-0.23922954917152,-0.299209229854049,-0.241065706950804,-0.251296221905599,0.0508195568721938,-0.340798464090438,-0.281639148294545,-0.297844017420481,-0.000236449907964269,-0.0112068770634147
"Favorable:dxyear2010",-0.0468153117036041,-0.00444039342939446,-0.00767405938284131,-0.0154322120297823,-0.0381491001006,-0.0653081094436516,-0.0345356188086797,-0.0197444453302745,-0.040119443446071,0.198066958401523,0.067225051723808,0.20020273033566,0.0768925280469373,0.201883039051931,0.102356821199301,0.1063656341043,1.07185369242905,0.109157490593941,0.0807290937751171,0.00203461813654399,0.00907173050050479,0.117003087478509,-0.00472290249113898,-0.00927375074909174,-0.013902985043925,-0.0376283896328258,-0.0631389678948968,-0.0338733865347498,-0.0227440485836597,-0.037866028836597,0.0376677734785378,-0.0936359477529795,0.0388028716698858,-0.0865498418328174,0.0389789870276071,-0.0617066655702066,-0.0565644151453977,0.891007594475244,-0.0525280028529988,-0.0818594225762125,-0.00142438664448862,0.00211193368588612,0.407940810511213,-0.00520310428512317,-0.0109117058131378,-0.0164158516209356,-0.0431899112056888,-0.0635587765256419,-0.0419370997248178,-0.0290602269675777,-0.0411396407091489,-0.235734731880396,-0.404830854822935,-0.239005602005529,-0.373397486660155,-0.240862026079505,-0.344258354287011,-0.340556740243704,0.602643517495869,-0.370589071196269,-0.363621644297974,-0.000610231491489929,-0.0111836641863418
"Favorable:dxyear2011",-0.0836114998253217,-0.0019690441997487,-0.021769867417914,-0.0697354443300059,-0.0577467103476271,-0.0588934771138737,-0.0858395316896952,-0.0861858939825294,-0.0860102584967157,0.198784691574225,0.138266874001712,0.200610706184082,0.165369508110694,0.201841695185706,0.198456232149466,0.200205588430179,0.109157490593894,0.611818864828354,0.168324117909709,0.00153378259536249,0.00871440387076209,0.0827072616857938,-0.00255574182751498,-0.0237314315138612,-0.0647388728363984,-0.0570940582945278,-0.0564749219897082,-0.0871760783319548,-0.0893035124447299,-0.0849523593856744,0.0371169456442297,-0.0233968564299764,0.0382795192761918,0.0014427859350496,0.0388834502334507,0.0342478801900439,0.0362129786535219,-0.0540367522073795,0.415264180710923,0.00529679811004753,-0.0000653066902043306,0.00338616103031335,0.370063726126856,-0.00249139968378201,-0.0243741688536047,-0.0708362450027588,-0.0651000826259718,-0.059766586838861,-0.0958587033250586,-0.0940307771207056,-0.0869416462358664,-0.235901637220144,-0.335099605406965,-0.238890225460311,-0.28500428528547,-0.240725145419132,-0.247931426165235,-0.246820131045366,-0.336802643289481,0.0903958187912319,-0.276202175078058,-0.00146847590265211,-0.0121005649009247
"Favorable:dxyear2012",-0.0938144461489855,-0.00475110172594711,-0.0112568102006155,0.0280072017046008,-0.0221968185746296,0.0422438814852652,0.0290069575618146,-0.0428224596117345,-0.0920652043424714,0.198070373712861,0.139134618544936,0.200492094239381,0.150065255436455,0.201843887882427,0.160532923967669,0.148014336905014,0.0807290937750656,0.168324117909712,0.727679950644267,0.000664312385721127,0.00853876785069089,0.0701639415485237,-0.00502473343521493,-0.012765422708597,0.0311097463003311,-0.0197643310438788,0.0452473947075616,0.0285145747694685,-0.0462997938139497,-0.0911280114545528,0.0376715003135269,-0.021774170768122,0.038743165327867,-0.0134006334054739,0.0389221013593967,-0.00375614779461128,-0.0152638115997043,-0.0821487535132124,0.00642426540050584,0.538760046103665,-0.00130183911213134,0.00188624418237488,0.362496275752884,-0.00561459062167682,-0.0138652121751924,0.0301910213900675,-0.0230717771711805,0.0466484606464789,0.0216053607733477,-0.0545297171160255,-0.0972373734523304,-0.235741874027003,-0.332465053418788,-0.239235259567284,-0.299946521285164,-0.240765989241803,-0.286042512296881,-0.2994636897318,-0.365322693422354,-0.311488741283276,0.250259216332566,0.000637526726856348,-0.0104250120329211
"Favorable:lineageT",-0.00187795891588916,-0.000250124398927734,-0.00183391422057427,0.0000942479320508922,0.000349785075792833,0.000156926785280026,-0.000509564429764989,0.00239711126971745,0.000618648883467993,0.00285748821888755,0.00382266933971063,0.00282195955933551,0.00151665209825979,0.000350784554111937,0.000774447115533913,0.00159121379222826,0.00203461813654055,0.00153378259536164,0.000664312385715574,0.150334306708239,0.00195598028459797,0.0044043520926277,-0.000176263305544641,0.00159642661866334,0.00125427827779873,0.000672063837204598,-0.000251739066031518,0.000608733534838016,-0.00143692174368622,-0.000487053685515855,-0.00345242494138411,-0.00255864906636172,-0.00280472946999359,0.000115577207532163,-0.00122539592943349,-0.0018018859028611,-0.00381828390648588,-0.00217302182601892,-0.00180643440174061,-0.00353180309630646,-0.0300593158264985,0.000156001699589242,0.00470152397822879,0.00065490982371819,0.00345102903310084,0.0000140753884010692,-0.00212333189907054,-0.00227735464819436,-0.00100072573623292,-0.00983893266612221,-0.00333026957693362,0.000594936722477246,-0.00447702225783276,-0.0000172300893422627,0.00163609304086352,0.000874611375321846,0.00435366361235021,0.00259353398840732,-0.000439212527698419,0.00324818060379395,0.00394948518280974,-0.120274990881748,-0.00211198198418775
"Favorable:protocolDFCI",-0.00983031081641286,-0.00000555914758813993,0.000119275430570204,0.00113321328921013,-0.000630798544031181,-0.000426842244233588,-0.000322961646152653,0.000473969862973058,-0.00158391379074338,-0.00377329273210436,0.00590587009504285,0.00468153172622555,0.00949262819541453,0.0108857607418642,0.0102559169448577,0.00931749190623803,0.00907173050048821,0.00871440387074735,0.00853876785068021,0.00195598028459818,0.0366846116164672,0.000644494134356778,-0.00020335510322974,-0.000134963824161643,-0.000419418427915621,0.000852727295648679,-0.0000532594580380491,0.000426343632488337,-0.000658732644682735,0.000364461270640581,-0.00171827302771434,0.0060015152777058,0.00213579822527611,0.00288751627533887,0.00280078465879137,0.00105726751526082,0.00139615991689248,0.00278677132629544,0.00256696186571642,0.00175073106075075,0.0000920345779948717,0.01280495298266,0.0169189502891056,-0.000275675385895893,0.000876290003684742,-0.00165839424468622,0.00109704253633183,0.00110078410774557,0.0000310786585664321,-0.000343201463058921,0.00462574326375871,0.00549156575980546,0.00227798486895116,-0.00681732995150205,-0.0115036678395632,-0.0136865454006551,-0.0143442007250297,-0.013644605474044,-0.0121335179012544,-0.0108153110725474,-0.011847097602708,-0.00204801486260979,-0.0494895645991192
"Neutral:(Intercept)",0.681215959603358,-0.0212774665985739,-0.105438165532287,-0.155107025308294,-0.120904184944583,-0.128767350694604,-0.155962559921384,-0.253818532730762,-0.361972707046709,-0.0381352234694435,0.0462500301728261,-0.0390873133047545,0.0474849913337239,-0.0385017254679652,0.0251453938976756,-0.0484244210359937,0.117003087478849,0.0827072616859717,0.0701639415487239,0.00440435209259265,0.000644494134357404,0.908598392419636,-0.0227085703507111,-0.11551619788102,-0.183339284114991,-0.147098313652752,-0.153333898875205,-0.185614119296649,-0.267532631851648,-0.378521605209284,-0.207163346124941,-0.123120250741284,-0.210968354793194,-0.124789259806379,-0.213971957650953,-0.146043802260526,-0.224533977372748,-0.0563430742438565,-0.0900100883851824,-0.103217245166427,-0.00268893157078906,-0.012368645528316,0.374348241149135,-0.020710809258297,-0.103106274034668,-0.151281395336499,-0.116019797014258,-0.12946174749657,-0.146155433410504,-0.247069651254146,-0.355263046912013,0.245298569590665,0.37434269912536,0.250055668097856,0.349792132962322,0.252473683118999,0.32389069530191,0.249051926573322,0.41281952506998,0.416528819314384,0.365461299420914,-0.00171542051754924,0.0117241513937272
"Neutral:age_Dx",-0.0212325531695652,0.00267439152588898,-0.00216134163717965,-0.00571342943721941,-0.00572640988302064,-0.00871444498950017,-0.00383067463064897,0.0000970836598709747,0.00532234003014791,-0.0000558028313613358,-0.00890945796716908,-0.0000297512903174371,-0.00273214655485903,-0.0000411138804230788,-0.000733634449155805,0.0033996639645074,-0.00472290249115039,-0.00255574182752394,-0.00502473343522407,-0.000176263305544215,-0.00020335510323025,-0.0227085703506905,0.00287151311304822,-0.00224560861625073,-0.00560705245988315,-0.00580126854425048,-0.00880845628519099,-0.00388204304505618,-0.0000670453127758467,0.00541682177516741,0.000000165250333561276,-0.00914294027173461,0.000081331378803915,-0.00253447252921397,0.000161701515478988,-0.000698237570251075,0.00364162475644922,-0.00443077372639597,-0.00237506490449688,-0.00487527057294295,-0.000234918533373843,0.000143253828067717,-0.0212070919652216,0.00266429186075966,-0.00223408988579148,-0.00550312480403802,-0.00538397007923149,-0.00835061181169138,-0.00360943243720707,-0.0000114329908787348,0.00532533194949654,0.0000556375810824092,-0.00940169945279527,-0.0000515800884850824,-0.00303528862290612,-0.000120587635057528,-0.00108130585950825,0.00299528531560379,-0.00484495884490574,-0.00285465459204308,-0.0052315276750256,0.000411181839032479,0.0000601012751617226
"Neutral:sexM",-0.104453601781524,-0.00222113632038785,0.290355030521245,0.0323287806968979,0.0537571714980021,0.04910702076332,0.0522286972780176,-0.0209191594608887,-0.0716460944681573,-0.000657199284750236,-0.0291291142789483,-0.000581990359077461,-0.020619474230203,-0.000612433619515805,-0.00993342159826771,-0.0083862517455831,-0.00927375074909658,-0.0237314315138119,-0.0127654227085556,0.00159642661866838,-0.000134963824161636,-0.11551619788116,-0.00224560861624317,0.307193899972121,0.0340287168748638,0.0557296667531972,0.0509816912447887,0.0547993583561599,-0.0212453637573828,-0.0717860251948196,0.00163496134881701,-0.0268987849985747,0.000501478979863497,-0.0190525835624528,-0.000024079089857513,-0.00774536397893267,-0.00636693982320814,-0.00769113084808516,-0.0220828732822382,-0.0117247061042198,-0.00276546984522619,-0.000491103331293545,-0.103656605050844,-0.00230604493389384,0.288631671009737,0.0318883281411775,0.0535709108861123,0.0488694656245161,0.0511600758299552,-0.0204599424893803,-0.0714845053093875,-0.000977762064378954,-0.0279827691260923,0.0000805113792401458,-0.0199582059186208,0.000636512709352836,-0.00965221212757775,-0.00738102367357068,-0.00856082723945697,-0.0233687574471004,-0.011321069984604,0.00116904322503587,0.000626067155462734
"Neutral:SES2",-0.156811154596629,-0.00555086483418307,0.0319289895626941,0.750642311573473,0.195122696710225,0.233992470109891,0.217048307209592,0.114892994302526,0.00888164673612404,0.00337486190114757,0.0286670610949978,0.00239511857727309,-0.00157497442581694,0.000696006666119232,-0.0397248991297519,-0.100840752086804,-0.0139029850439685,-0.0647388728364024,0.0311097463003182,0.00125427827781436,-0.000419418427925817,-0.183339284115131,-0.00560705245987481,0.0340287168748449,0.799979619640675,0.221528779152421,0.260785553529546,0.244090529366023,0.117837165209801,0.00999944075509144,-0.00386893974781113,0.0287894008454699,-0.00270930912630948,-0.0029167073075141,0.000263474424318307,-0.041235448642485,-0.103512075009235,-0.0157654125200401,-0.0686162651625748,0.0293914588230272,0.00116514204609526,0.00154920457621508,-0.154331144467107,-0.00548508602720569,0.0315691707944693,0.747094308518029,0.193190713059421,0.232233428727549,0.215607387641602,0.116447083979204,0.00838677429313963,0.000494077849121238,0.0304729423638661,0.000314190549083256,-0.00153362551510394,-0.000959481090480673,-0.0411860581703359,-0.0985487640514099,-0.0148628140011309,-0.0650916091485495,0.0311380484851596,-0.00241942033133793,-0.00112978614822545
"Neutral:SES3",-0.123508193763013,-0.0054580105632655,0.0533950571655904,0.195360969205027,0.721985917172146,0.209340827843608,0.199990071074854,0.0156858395231761,-0.0324161798266527,-0.00121943972026741,0.0291935493935216,0.00028941440045312,0.0253719241137218,0.000041695623632425,-0.0142645501497953,-0.0551022809845166,-0.0376283896328442,-0.0570940582945144,-0.0197643310438746,0.000672063837215569,0.000852727295642326,-0.14709831365286,-0.00580126854424468,0.0557296667531889,0.221528779152412,0.765474025997124,0.236090547277164,0.226900204292357,0.0160382933738282,-0.0340518987201371,0.00256403479384969,0.0310744787480563,-0.000635172659811059,0.0270457609710411,0.000647027021525195,-0.0146519140983892,-0.0554294895967497,-0.0392921121170873,-0.0586640454756134,-0.0216238870517906,0.00166297240890178,-0.000230042381383556,-0.120389068929843,-0.00540880744957386,0.052923747672873,0.193146869737404,0.718098526556481,0.207145536810454,0.197946575356497,0.0171223315722672,-0.0332762933800606,-0.00134459507242131,0.029902551111717,0.000345758259441427,0.0255317465218256,-0.000688722645192315,-0.0155083652331678,-0.0536083557303824,-0.0384694153857884,-0.0582964115351769,-0.0197204267931159,-0.00233503625274794,-0.000622684914148964
"Neutral:SES4",-0.1312285500023,-0.00842551435715787,0.0488936540350628,0.234158167963155,0.209252957701003,0.778053714386434,0.231398955252028,0.115142667211768,-0.0222281121839426,0.000556525191631214,0.0609256965631827,0.0000188021081994093,0.028940481364888,-0.0000700258766936235,-0.035049620696274,-0.113343304430083,-0.0631389678949125,-0.0564749219896869,0.0452473947075767,-0.000251739066016863,-0.0000532594580442021,-0.153333898875366,-0.00880845628518356,0.0509816912447991,0.260785553529563,0.236090547277181,0.823316636591984,0.258939114991283,0.118593134268591,-0.0236645748302063,-0.00333186574694666,0.061277995953218,-0.000993479270096078,0.0273463010017945,-0.000563268517963448,-0.0379112195984166,-0.118333111378664,-0.0673270637760063,-0.0596750138373669,0.0429437561906791,0.00110865514368144,-0.00010295326555757,-0.12857480961402,-0.00849700458828284,0.0487537640018362,0.232600555716695,0.207364852456041,0.774472338573779,0.23006143292226,0.117972065503954,-0.0239216037345565,0.00277534055744692,0.0635903945417729,0.000974677161927128,0.0294244450472314,0.000633294394621931,-0.0350710008846379,-0.112979107418738,-0.0626465784864977,-0.0572237328246166,0.0463391461416768,-0.00085691608580986,0.000156212723706955
"Neutral:SES5",-0.158051923572407,-0.00363979663902901,0.0521476479825491,0.217155188400662,0.199815876685253,0.231417649457478,0.500645558754848,0.0751515322378927,-0.0172875718815685,-0.000508091448697874,0.0731581619005985,-0.000473504643350251,0.015669792117933,-0.000855711705795568,-0.0710521166022304,-0.0903544846604111,-0.0338733865347865,-0.0871760783319486,0.0285145747694682,0.000608733534851641,0.000426343632480748,-0.185614119296799,-0.00388204304504781,0.0547993583561498,0.244090529366028,0.226900204292363,0.258939114991273,0.54891528892401,0.0779258042656232,-0.0183747626990364,-0.000338451626023767,0.0753375420702005,0.00240880862502328,0.0178644895420596,0.00290223107648152,-0.0716263161214654,-0.090129992572933,-0.0343178816655897,-0.087724914581367,0.0311584809936442,0.00118301391138605,0.000502306672531072,-0.154691460928105,-0.0036251803966747,0.051339941411296,0.215753126896603,0.198240633617431,0.229879654302527,0.497600989134325,0.0770675300886727,-0.0176276279815104,0.000846543077762041,0.0731261806977915,-0.00193530398163822,0.0144341929606074,-0.00204651937071645,-0.0740922584878424,-0.0900827014899753,-0.0354709204189359,-0.0897098755429752,0.0279880954044771,-0.0017917474528756,-0.000928650304918212
"Neutral:ruralY",-0.251325488930107,-0.00000801577177265054,-0.0209841508961097,0.114759812300553,0.0146415987127016,0.11521214247871,0.0746131292213394,0.593923493415824,0.20882993804618,0.000449698209235349,0.0238605418402098,-0.00125408182093089,-0.0142596421669856,-0.00162870484185655,-0.0516612084257893,-0.0606881388358746,-0.0227440485837654,-0.0893035124447837,-0.0462997938140104,-0.00143692174366751,-0.00065873264468631,-0.267532631851747,-0.0000670453127652233,-0.0212453637574227,0.117837165209775,0.0160382933738084,0.118593134268559,0.0779258042655916,0.643102800068233,0.218403608143911,-0.00256393828898863,0.0268752071144268,0.0017344231764378,-0.0154887387215919,0.00254501591236016,-0.0509961032296316,-0.0592776973016152,-0.0200561088289994,-0.0886078729630157,-0.0442402767561202,0.00354481749155171,0.000346705088797587,-0.252404112575459,-0.0000175292266108048,-0.0206280898450915,0.116979999198262,0.017100198506389,0.118052256918347,0.0770448479259009,0.588782061220362,0.207486076229032,0.00211424008258531,0.0261941871054179,-0.000480341355467114,-0.0134969859322388,-0.000916311070550941,-0.0503100651559978,-0.0623762739335158,-0.0217700045234467,-0.0907834229773314,-0.04583327682909,-0.00210789575217518,0.000312027555929224
"Neutral:distanceshort",-0.361161663929821,0.00523115595494507,-0.0713468200241667,0.00850772130192832,-0.0328503928240849,-0.0228186068974983,-0.0178441515388328,0.209094696341376,0.489855571277648,0.000979586030726044,-0.0199570009853686,0.000875873165696324,-0.0822888078123545,0.001398430340791,-0.0595285866862699,0.0183127711466436,-0.0378660288367761,-0.0849523593857883,-0.091128011454672,-0.000487053685497648,0.000364461270636932,-0.378521605209308,0.00541682177517934,-0.0717860251948923,0.00999944075503528,-0.0340518987201759,-0.0236645748302588,-0.0183747626990955,0.21840360814387,0.514288350925594,-0.00058928036804249,-0.020728504307907,-0.000968166410657054,-0.085952590894111,-0.00203923021590778,-0.0628509100808154,0.0187855245449701,-0.0402712737795931,-0.0880365794196469,-0.0930824676269813,0.000603530056358885,-0.00192830916214741,-0.358560672324382,0.00529717812728805,-0.0711604938141484,0.0085392193141688,-0.0328447913674706,-0.0232350502729614,-0.0173455621221663,0.207573586080738,0.487407175227519,-0.000390305659873635,-0.0228954346546255,0.000092293245017385,-0.0840349011882028,0.000640799875069381,-0.0609168171324368,0.0181807453626453,-0.038570445124777,-0.0871940536038411,-0.0932697464889755,-0.000116476371368096,0.00156384789154063
"Neutral:dxyear2003",-0.0377926730389776,-0.0000699089804613478,-0.000254651654613929,0.00171612718976232,-0.00106617508037231,0.000711983039422473,-0.000514675147060343,0.000790028311218202,0.000713629550409122,0.017395238115867,0.0375899736083064,0.0371735711276112,0.0375402159048835,0.0373780347908444,0.037584696699388,0.0373957598190333,0.0376677734785076,0.0371169456441946,0.037671500313495,-0.00345242494137866,-0.00171827302770279,-0.207163346124869,0.000000165250332512256,0.00163496134881513,-0.00386893974782198,0.00256403479383657,-0.00333186574695624,-0.000338451626038712,-0.00256393828901555,-0.000589280368079811,0.357797502761124,0.208233696867359,0.208096679009223,0.208493897845704,0.207298881020291,0.208333124459134,0.20849847632838,0.208111760682199,0.208218662211478,0.207885268341286,0.000629902688381674,-0.00312144299089923,0.243846839289578,0.000231518466427331,-0.00431276468841915,0.00697968277424434,-0.00738904174530577,0.00813444919097948,0.00365699909775206,0.00482796810768469,-0.00133009209183173,-0.375192740877034,-0.246566023494202,-0.245270250136835,-0.245315471133418,-0.244676915811131,-0.246290728498271,-0.246678914562502,-0.245927138690458,-0.246144585544556,-0.244523147038223,0.00282252225301604,0.00483971601875436
"Neutral:dxyear2004",0.0484160144136255,-0.00922237781633258,-0.0279398694470058,0.0294700427067177,0.0294065768228594,0.0616997206632449,0.0736829127545199,0.0244657683480325,-0.0201445916941975,0.0373624915041467,0.612303088449428,0.0392272888454104,-0.0269993623785375,0.0401977782608336,-0.0266438935150339,-0.0362678427990535,-0.093635947753,-0.0233968564299823,-0.0217741707681334,-0.00255864906635785,0.00600151527771681,-0.123120250741321,-0.00914294027173469,-0.0268987849985569,0.0287894008454659,0.0310744787480456,0.0612779959532093,0.0753375420701957,0.0268752071144434,-0.0207285043078795,0.208233696867373,0.866591014660758,0.209763648024149,0.141975011987248,0.210384356694608,0.142279848105865,0.134433433129181,0.0765116395727788,0.147917106339885,0.148364766057104,0.00301787530005334,0.00454554819715416,0.352205403439605,-0.00942450145565986,-0.0284031160649867,0.0221395177454656,0.0200462305961149,0.0577134853904651,0.0598699834188178,0.0199129726504714,-0.0243601256147914,-0.245596188371122,0.264816991600273,-0.248990936869577,-0.325665231302002,-0.250582134955431,-0.320923812053357,-0.329889882057961,-0.387424054233538,-0.350971383607203,-0.314094660992462,-0.000459226236476817,-0.010547063474614
"Neutral:dxyear2005",-0.0388516687274909,-0.0000643791462456721,-0.000320070660194873,0.00155248291313652,0.000265960039810919,0.000365012245628334,-0.000560583539752284,-0.000229498401041657,0.000629083755888675,0.0371700645577534,0.039271929115562,0.0409101293912518,0.0388375161803999,0.0388453114838896,0.0389151632140822,0.0386296673929055,0.0388028716698622,0.0382795192761655,0.0387431653278435,-0.00280472946998825,0.00213579822528737,-0.210968354793135,0.0000813313788030654,0.000501478979856754,-0.00270930912632327,-0.000635172659830299,-0.000993479270113689,0.00240880862500285,0.0017344231764148,-0.000968166410688274,0.208096679009234,0.209763648024149,0.251484456747389,0.210596147211353,0.211023811002123,0.210697130132298,0.210868916647582,0.21053611288251,0.210561332727049,0.210763231644321,0.00093884710791975,0.00516406088025011,0.25232193288984,-0.0000974337952415096,-0.000314739603554968,0.00375304452577161,0.00138503681112222,0.0014886189639544,-0.00939969567319459,-0.00582058745670251,-0.000105009159140071,-0.245266743567125,-0.247069131422853,-0.292394586138641,-0.24938374929445,-0.249869122486008,-0.248824562763422,-0.24967898070168,-0.249057266900318,-0.24920136748519,-0.249544528557195,0.00186588236211208,-0.00729985910538628
"Neutral:dxyear2006",0.0486145785718907,-0.00299911595594499,-0.0199010451445838,0.000382514143613423,0.0275865510608719,0.0316114368734272,0.0169537507249252,-0.0132838079217695,-0.0832427615338101,0.0372431950710834,-0.0274115437853915,0.038872373112261,0.520655620168911,0.0391697935766801,-0.00106249636834835,-0.011862582840422,-0.0865498418328437,0.00144278593503325,-0.0134006334054957,0.000115577207534436,0.00288751627534901,-0.124789259806346,-0.00253447252921613,-0.0190525835624447,-0.00291670730753628,0.0270457609710165,0.027346301001771,0.0178644895420377,-0.0154887387216011,-0.0859525908941188,0.20849389784572,0.141975011987249,0.210596147211358,0.747637166871906,0.21219041871699,0.170896706250872,0.161494143228462,0.085997175222035,0.175333409314755,0.159196180337203,-0.00124017642687561,0.00865857838209805,0.352240641550484,-0.0033916497102214,-0.0205716038420195,-0.00575972394971518,0.0196438594769989,0.0287611172806646,0.00500186298771193,-0.0187469658603921,-0.0872838263392769,-0.245737092917298,-0.349725660858507,-0.249468520323637,0.217061577250865,-0.251360212293655,-0.295550302110532,-0.306805386165649,-0.380606415525547,-0.326626927676635,-0.306016891459118,0.00112459921844073,-0.0115460946573104
"Neutral:dxyear2007",-0.0388924308653767,-0.0000450793358114604,-0.000309209794932413,0.000338018509886292,0.000109521811759944,0.000276209829916024,-0.000731179527979014,-0.000418722607333114,0.00104562532256014,0.0373971596244201,0.0399554848161012,0.0389224000637985,0.0388766420165096,0.0532003726705881,0.0388377774770913,0.038843510414625,0.0389789870275592,0.0388834502334104,0.0389221013593576,-0.00122539592942819,0.00280078465880226,-0.2139719576509,0.000161701515478335,-0.0000240790898526614,0.000263474424313174,0.000647027021516943,-0.000563268517969513,0.00290223107647012,0.00254501591234201,-0.00203923021593693,0.207298881020292,0.210384356694594,0.211023811002113,0.212190418716976,0.260297497097503,0.212648024798029,0.21273003165934,0.212288380006033,0.212399978723094,0.212386631129386,0.00000608745679555082,0.0115066934208186,0.255562347585466,-0.000340989215192088,0.00140918797303046,-0.00178089010771797,-0.00305853002662528,0.0013523701286753,-0.00854002280119058,-0.00675462511959438,0.00257504842302541,-0.244696040644851,-0.246740914933988,-0.249946211065913,-0.251827570462664,-0.313497869768086,-0.2515360275021,-0.25198726514747,-0.251288876095177,-0.251095936288292,-0.251146305333389,0.00121930847268039,-0.0143074780794672
"Neutral:dxyear2008",0.0277509916402724,-0.00104589755518946,-0.00919290852763735,-0.0386422555641975,-0.0127596495931308,-0.0329466227824492,-0.0716010407080735,-0.051011113672959,-0.0600040782500767,0.0377996703417938,-0.0268456144408779,0.038733316601693,-0.00145142185831598,0.0386013544617585,0.385146306428061,0.0314777964079997,-0.0617066655702498,0.0342478801900161,-0.00375614779464437,-0.00180188590286028,0.00105726751527306,-0.146043802260473,-0.000698237570252844,-0.00774536397893405,-0.0412354486425129,-0.0146519140984193,-0.0379112195984506,-0.0716263161214941,-0.0509961032296497,-0.062850910080827,0.208333124459148,0.142279848105857,0.2106971301323,0.170896706250864,0.212648024798041,0.614546436676295,0.2056444722835,0.111595740139753,0.208685882874096,0.169636812465089,-0.0033173781827782,0.00965161703876711,0.3308660544113,-0.00152073397944872,-0.0108563121349122,-0.0448735708651256,-0.0207021063152361,-0.0346061030189978,-0.0841141462293823,-0.0553856205596538,-0.064078616651403,-0.246132794802287,-0.349787338802059,-0.249430446734013,-0.300152032424831,-0.251249379259787,0.0910874918015307,-0.263419621570934,-0.35541027451091,-0.293749901386006,-0.296387383975252,0.00511926408722152,-0.0107088845538978
"Neutral:dxyear2009",-0.0479610885882454,0.00324049951946373,-0.00722135522826694,-0.100867415828973,-0.0552862773765539,-0.113864818326687,-0.0909062344976664,-0.059119406094154,0.0190282076652538,0.0375016510093761,-0.0345750125422217,0.0389218219512964,-0.0106177868353733,0.0389661866779032,0.0330546409836738,0.338895679721539,-0.0565644151454841,0.0362129786534627,-0.015263811599768,-0.00381828390648253,0.0013961599169052,-0.22453397737267,0.00364162475644908,-0.00636693982323311,-0.10351207500928,-0.0554294895967906,-0.118333111378709,-0.090129992572977,-0.0592776973016478,0.0187855245449497,0.208498476328402,0.134433433129164,0.210868916647588,0.161494143228452,0.212730031659356,0.205644472283497,0.546685624772725,0.116511717839553,0.21040420454417,0.157784801450718,0.0000769682442368476,0.0100492348792736,0.253495483063558,0.002666917139624,-0.00784067322974577,-0.103165041702052,-0.0594795281619775,-0.112332573074565,-0.0998665870863704,-0.0670809835668998,0.015497774640759,-0.246000127338695,-0.358893867060732,-0.249790738598894,-0.310263900411027,-0.251696218337255,-0.261859027747855,0.0409805092626678,-0.35120738938591,-0.292961783540295,-0.308889398124878,0.0037413156655401,-0.011445394796045
"Neutral:dxyear2010",0.117114903677069,-0.00480937045375274,-0.00874205176607585,-0.0133381757054906,-0.0370810622467331,-0.0622275453061782,-0.0338256715122741,-0.0223141577509633,-0.0381128354091777,0.0376599330541041,-0.0934111740285843,0.0388122610746235,-0.0856344824211814,0.039010759512496,-0.0607726087891689,-0.0573200586596807,0.89100759447527,-0.0540367522073485,-0.0821487535131766,-0.00217302182602003,0.00278677132631233,-0.0563430742439595,-0.00443077372639682,-0.00769113084802668,-0.0157654125200207,-0.0392921121170812,-0.0673270637759914,-0.0343178816655671,-0.0200561088289581,-0.0402712737795404,0.208111760682204,0.0765116395727895,0.210536112882507,0.0859971752220364,0.212288380006051,0.111595740139767,0.116511717839581,1.0918447912197,0.120118526235218,0.0906717419992419,0.000645612273088704,0.00894819954780603,0.419900459566414,-0.00530796275267499,-0.00997282706098705,-0.0178954987761159,-0.0437947749584592,-0.0633436769643123,-0.0437958735952757,-0.0271393659385228,-0.0416566357213242,-0.245771693736623,-0.415267012797294,-0.24934837395711,-0.384269315199519,-0.251299139518515,-0.354763448300423,-0.351725637912105,0.59178741302756,-0.38159690493161,-0.374423307401918,0.00152740955356288,-0.0117349708740753
"Neutral:dxyear2011",0.0820988844506994,-0.00254099982531733,-0.0225417644464222,-0.0652408236747687,-0.0583514649271822,-0.0571411545006673,-0.0876221429666571,-0.087861802326693,-0.0847237436925684,0.0373612684177297,-0.0214540024175191,0.0387054933198415,0.00341982648687854,0.0388913971564423,0.0362224008418892,0.0370502626067019,-0.0525280028530193,0.415264180710906,0.0064242654004866,-0.00180643440174435,0.00256696186573149,-0.0900100883851227,-0.00237506490450027,-0.0220828732822335,-0.0686162651625944,-0.0586640454756386,-0.0596750138373885,-0.0877249145813869,-0.0886078729630261,-0.0880365794196595,0.208218662211488,0.147917106339882,0.210561332727048,0.175333409314746,0.212399978723104,0.208685882874094,0.210404204544169,0.120118526235214,0.615934043922078,0.179160804546535,0.00229618588978107,0.0103981329693119,0.384006512140724,-0.00285089554981458,-0.0229155904491413,-0.0715615279996699,-0.0665644494124991,-0.0597891558350448,-0.0988494817068596,-0.0923665716672249,-0.0880781839415142,-0.245579930630899,-0.344390748611583,-0.249266826046922,-0.295258143324084,-0.251291375879523,-0.257583618587758,-0.257438137635451,-0.34644738650628,0.0812257012230591,-0.285959305564501,-0.000489751485452916,-0.0129650948348992
"Neutral:dxyear2012",0.0712010369843175,-0.00508135774555021,-0.0119894104476843,0.030351334803784,-0.0206712649625009,0.044807469364192,0.0273620620896324,-0.0456877029591378,-0.0911991966771765,0.0378875184452159,-0.0211654268437478,0.0387711451558365,-0.0124859209506278,0.0387468503121088,-0.00250937377533028,-0.0155446340487584,-0.0818594225762373,0.00529679811003431,0.538760046103649,-0.00353180309630538,0.00175073106076168,-0.103217245166387,-0.00487527057294617,-0.0117247061042085,0.0293914588230156,-0.0216238870518075,0.0429437561906629,0.0311584809936301,-0.0442402767561246,-0.0930824676269894,0.207885268341292,0.148364766057105,0.210763231644317,0.1591961803372,0.212386631129395,0.169636812465093,0.157784801450722,0.0906717419992331,0.179160804546538,0.742835745402102,-0.00129625070727081,0.00894326223314754,0.373221805346688,-0.00571560138851305,-0.0124464907084001,0.0297070882370562,-0.0233584162097576,0.0474957636006411,0.0207096961222487,-0.0520982859681997,-0.0977992358436966,-0.245772786787103,-0.342464058578806,-0.249534376800185,-0.310630461343769,-0.251133481441483,-0.296493850672532,-0.310617985503656,-0.375709108737876,-0.322461971419195,0.241445639152387,0.00482805380408165,-0.0106939932937706
"Neutral:lineageT",0.0015385943094101,0.0000863556779362068,0.000546161455582463,0.000130305322567586,0.000144585394576963,-0.0000873125852990395,0.000521076155861031,-0.00112807223370592,-0.000268524208537228,-0.00154866731482439,-0.0012788260116932,-0.00110740946355189,-0.0011326476361853,-0.000907419669209083,-0.00129151867383359,-0.00135476388105562,-0.00142438664449172,-0.0000653066902050824,-0.00130183911213692,-0.0300593158264985,0.0000920345779945562,-0.00268893157075195,-0.000234918533374427,-0.00276546984522954,0.00116514204607994,0.00166297240889093,0.00110865514366737,0.00118301391137289,0.00354481749153278,0.000603530056340079,0.000629902688375234,0.00301787530004822,0.000938847107913414,-0.00124017642687917,0.00000608745678910844,-0.00331737818278043,0.0000769682442315875,0.000645612273088752,0.00229618588978357,-0.00129625070727321,0.0718422457682276,0.00266487280503957,0.00449860620567581,0.000765003897653759,0.00300066996979424,-0.000760459909778687,-0.00256034186274283,-0.00237419192760791,-0.00105505462417761,-0.0100961964078067,-0.00337851360180642,0.000918764626437253,-0.00435686941964352,0.000168562355638225,0.000662307713373728,0.000901332212420129,0.00367918940190077,0.00328662760032064,-0.000766044462838469,0.00406406485558565,0.00444543799360197,-0.0417829299416503,-0.0027569073830347
"Neutral:protocolDFCI",-0.00135630027885083,-0.00000761131579376163,-0.000325883878450484,-0.000410326813632164,0.000595745280376581,-0.0000337146953976302,0.000412533004503044,-0.000334559952840944,0.000511995568005889,-0.00156776189886179,0.0042655264135011,0.0021031282088124,0.00179963662366883,0.00269462633756385,0.00131125437933834,0.0018893851572843,0.00211193368586999,0.00338616103029612,0.00188624418236192,0.00015600169958973,0.0128049529826602,-0.0123686455282961,0.00014325382806727,-0.000491103331292136,0.00154920457622362,-0.000230042381377369,-0.000102953265551285,0.000502306672536763,0.000346705088794124,-0.00192830916215767,-0.0031214429909102,0.00454554819714522,0.00516406088023839,0.00865857838209005,0.0115066934208074,0.00965161703875569,0.0100492348792585,0.00894819954779423,0.010398132969299,0.00894326223313891,0.00266487280503988,0.0366394437076247,0.0165346460265365,-0.000162491624504513,0.000848487556673486,-0.00156826605118076,0.000768864985185632,0.000904153324027014,-0.000423805142002836,-0.000153028834270457,0.00483742630115569,0.00468920488976228,0.00143756644060877,-0.00726718908905093,-0.0123844655249216,-0.014201319758371,-0.0144207571920901,-0.0137847098111906,-0.0129605030167854,-0.0107390885244899,-0.0121828676142361,-0.00282087450463782,-0.049444396690277
"Unfavorable:(Intercept)",0.386285166062216,-0.021298620888912,-0.103237026100464,-0.153732753176111,-0.119152473548995,-0.126151769837668,-0.154795368528179,-0.251895707174181,-0.3595595349195,0.234823306680123,0.338659912604794,0.242596946960707,0.338976831298597,0.244653853294458,0.317783460864054,0.241633076852095,0.407940810511434,0.370063726126973,0.362496275753024,0.00470152397821187,0.0169189502891416,0.374348241149076,-0.0212070919652322,-0.103656605050762,-0.154331144466992,-0.120389068929776,-0.128574809613909,-0.154691460928001,-0.252404112575379,-0.358560672324341,0.243846839289565,0.352205403439642,0.252321932889808,0.352240641550469,0.255562347585476,0.330866054411279,0.253495483063527,0.419900459566488,0.384006512140693,0.373221805346679,0.00449860620565871,0.0165346460265549,1.38790133260898,-0.0274022631404519,-0.162547494190147,-0.260515808378504,-0.219098470562713,-0.221033285288158,-0.272884226972568,-0.340123630873571,-0.467093698987548,-0.478670145974274,-0.35947034695804,-0.494918879850628,-0.397214481356495,-0.500216200879828,-0.418741943855699,-0.499743517393947,-0.325058261594962,-0.320844016222752,-0.373871095597694,-0.00920013017892901,-0.0334535963154651
"Unfavorable:age_Dx",-0.0207398564416583,0.00265950434547328,-0.00228622371508703,-0.0056012174274366,-0.00553443559279244,-0.0087075367507832,-0.00367545892318142,0.0000283194449490845,0.00531811752505875,0.0000650973634842452,-0.00902512190021889,-0.0000684370419231145,-0.00316864818268807,-0.000230693484349755,-0.00134152565236376,0.00289794563619948,-0.00520310428513409,-0.00249139968379086,-0.00561459062168586,0.000654909823718626,-0.000275675385896428,-0.0207108092582775,0.00266429186075971,-0.00230604493390113,-0.00548508602721403,-0.00540880744957969,-0.0084970045882901,-0.00362518039668282,-0.0000175292266208886,0.00529717812727686,0.000231518466428403,-0.00942450145566023,-0.0000974337952406179,-0.00339164971021931,-0.000340989215191477,-0.00152073397944733,0.00266691713962409,-0.00530796275267404,-0.00285089554981149,-0.00571560138851013,0.000765003897654346,-0.000162491624504101,-0.027402263140442,0.00353197276904896,-0.0023362257217173,-0.00574747006054296,-0.00646155914608383,-0.00979033085495628,-0.00439425622397504,-0.000705356415739513,0.00576011232647509,-0.000296615829854054,-0.0102908580207505,0.000165870837165235,-0.00205847269581373,0.000571682699539502,-0.000235190470825884,0.00453116028480441,-0.00429856651543015,-0.0019256293048508,-0.0050845420193981,-0.00141991372125442,0.00043816701039909
"Unfavorable:sexM",-0.102166082030921,-0.0022294740172419,0.288575796812746,0.0313489417528684,0.0527821905343391,0.0491964828005459,0.0512617248779745,-0.0198135873899456,-0.0710345301368398,-0.00483175311613084,-0.0302241623914049,-0.000682150383580989,-0.0221776923521693,0.000244332815211971,-0.0115004833759012,-0.00957343827630072,-0.0109117058131409,-0.0243741688535548,-0.013865212175151,0.00345102903310636,0.000876290003684153,-0.103106274034807,-0.00223408988578407,0.288631671009736,0.0315691707944873,0.0529237476728815,0.0487537640018263,0.0513399414113056,-0.0206280898450517,-0.0711604938140761,-0.00431276468841721,-0.0284031160650037,-0.000314739603547545,-0.0205716038420272,0.00140918797302503,-0.0108563121349103,-0.00784067322972058,-0.00997282706104382,-0.0229155904491454,-0.0124464907084115,0.00300066996979803,0.00084848755667236,-0.162547494190227,-0.00233622572171014,0.377731743658065,0.0392458720329705,0.0640283750829803,0.0650242994512185,0.067097870730575,-0.013739390618011,-0.0722694662353363,0.00914451780425257,-0.0283197492650028,0.000996889987157685,-0.0269586589614821,-0.00165352078825989,-0.00857615231000035,-0.0110584704946309,-0.00916512670203411,-0.0297649004464592,-0.0183430963373685,-0.0064516990045572,-0.00172477756035015
"Unfavorable:SES2",-0.151907573930106,-0.00550214844295473,0.0314269723614815,0.74656490273201,0.192690271685427,0.232107431012191,0.214803581578387,0.115988091878405,0.00875056112961218,0.0127998572000057,0.0230106810790145,0.00524247861912058,-0.00466084109321495,-0.0001778645745972,-0.0432538338413057,-0.102220585753394,-0.0164158516209748,-0.070836245002759,0.030191021390058,0.0000140753884181622,-0.00165839424469858,-0.151281395336644,-0.00550312480402961,0.0318883281411594,0.74709430851803,0.193146869737413,0.232600555716679,0.215753126896599,0.11697999919829,0.00853921931422881,0.00697968277425384,0.0221395177454698,0.00375304452578522,-0.00575972394969361,-0.00178089010771498,-0.0448735708650981,-0.103165041702007,-0.0178954987761353,-0.0715615279996507,0.0297070882370669,-0.000760459909762095,-0.00156826605118879,-0.260515808378623,-0.0057474700605346,0.0392458720329535,1.01718451428934,0.294139867016668,0.335773002252542,0.318793404282199,0.130034102049743,0.0153663461158694,-0.0197795399715099,0.0333169998259435,-0.00899552314485231,0.000897155888207468,0.00195875468226441,-0.0419817181279693,-0.115030799034802,-0.0187377889853247,-0.0771480176555167,0.0305725446008044,0.000746384513244123,0.0032266602959542
"Unfavorable:SES3",-0.116714237124788,-0.0052859138226935,0.0531434181148318,0.19291754025532,0.718300514334238,0.207075299846115,0.197429017402209,0.0167201841192848,-0.0327263650841659,-0.00728180359715762,0.0202228716247705,0.000757165129080322,0.0197181953958869,-0.00297694019091964,-0.0196066211517458,-0.0592116118450518,-0.0431899112057023,-0.0651000826259551,-0.0230717771711729,-0.00212333189905873,0.00109704253632244,-0.116019797014366,-0.00538397007922589,0.0535709108861041,0.193190713059413,0.71809852655648,0.207364852456024,0.198240633617425,0.0171001985064096,-0.0328447913674318,-0.00738904174529371,0.020046230596127,0.00138503681114207,0.0196438594770239,-0.00305853002661907,-0.0207021063152056,-0.0594795281619366,-0.0437947749584636,-0.0665644494124733,-0.0233584162097401,-0.00256034186273136,0.000768864985180493,-0.219098470562778,-0.00646155914607831,0.0640283750829721,0.294139867016659,0.923164007008781,0.310256611500637,0.299645881394778,0.0179900327307635,-0.0378615620061873,0.0146708453438032,0.040569390082378,-0.00214220194013085,0.0380551144172791,0.00603547021750009,-0.00672492441202838,-0.0564901207329512,-0.0410811571332641,-0.0582213417561153,-0.0234942580556545,0.00468367375459377,-0.00186590752139236
"Unfavorable:SES4",-0.129470196754978,-0.00826306285999089,0.049108521129506,0.231710694507847,0.206605604175848,0.774779711141043,0.228802287410134,0.11629554693364,-0.0227665495635917,0.00657377653515976,0.0567483416958645,0.000295046130364903,0.0280577992569164,0.000831848254296166,-0.0349553480293622,-0.112364794654625,-0.0635587765256547,-0.0597665868388372,0.0466484606464961,-0.00227735464817837,0.00110078410773757,-0.129461747496731,-0.00835061181168399,0.0488694656245248,0.232233428727566,0.207145536810471,0.774472338573779,0.229879654302536,0.11805225691838,-0.0232350502729082,0.00813444919098851,0.0577134853904748,0.00148861896397252,0.0287611172806884,0.00135237012868002,-0.0346061030189635,-0.112332573074519,-0.0633436769643263,-0.0597891558350222,0.0474957636006577,-0.00237419192759273,0.000904153324021962,-0.221033285288268,-0.00979033085494912,0.0650242994512271,0.335773002252557,0.310256611500654,0.953940469224307,0.336695579024176,0.12750042207359,-0.0257651368958951,-0.0147082257237817,0.0681020857166797,-0.0017836650943018,0.0263253506802226,-0.00218421838301495,-0.0459058381788813,-0.139335422081842,-0.0813324275803671,-0.073669031358951,0.0411412001081509,0.00465154656704658,-0.00200493743164628
"Unfavorable:SES5",-0.147666360774341,-0.00351308749696387,0.0510978818045053,0.214690587835587,0.196909944592331,0.229177111256873,0.496250229064635,0.0763786859097204,-0.0170564235341965,0.0016651636991349,0.0604554735029336,-0.00888736342957137,0.00673251073202172,-0.00749128658039596,-0.0813813002285967,-0.0974418075540255,-0.0419370997248471,-0.0958587033250473,0.0216053607733519,-0.00100072573621836,0.00003107865855614,-0.146155433410654,-0.00360943243719894,0.0511600758299452,0.215607387641608,0.197946575356502,0.230061432922251,0.497600989134326,0.0770448479259329,-0.0173455621221068,0.00365699909776513,0.0598699834188236,-0.00939969567317407,0.0050018629877343,-0.00854002280118173,-0.0841141462293532,-0.0998665870863263,-0.0437958735952957,-0.0988494817068392,0.0207096961222627,-0.00105505462416377,-0.000423805142008658,-0.272884226972668,-0.00439425622396728,0.0670978707305656,0.318793404282203,0.299645881394784,0.336695579024168,0.730540146004117,0.0911772366940833,-0.0190743996784137,-0.00532216279346146,0.0932824642170645,0.0182870591027854,0.0358746190911203,0.0160313093815431,-0.0684967039616684,-0.0888773716733482,-0.0318337381310971,-0.0832209146754712,0.0454331811316827,0.00205578035309866,0.000392726483542422
"Unfavorable:ruralY",-0.244943185481252,-0.0000102521372730401,-0.0198387812276814,0.115099359305267,0.0157944014699063,0.116304977965014,0.0756912612875664,0.591084206913293,0.208313862603792,0.00402321234995107,0.0168410441994669,-0.0083517513912979,-0.0210313993703086,-0.00900608684393496,-0.0578931919964829,-0.0684482075583838,-0.0290602269676818,-0.0940307771207582,-0.0545297171160851,-0.0098389326661024,-0.000343201463062123,-0.24706965125425,-0.0000114329908681328,-0.020459942489418,0.116447083979179,0.0171223315722489,0.117972065503922,0.0770675300886432,0.588782061220364,0.207573586080782,0.00482796810771094,0.019912972650453,-0.00582058745667992,-0.0187469658603847,-0.00675462511957751,-0.0553856205596367,-0.067080983566868,-0.0271393659385655,-0.0923665716672166,-0.0520982859681975,-0.0100961964077866,-0.000153028834268012,-0.340123630873651,-0.000705356415729472,-0.0137393906180486,0.130034102049716,0.0179900327307448,0.127500422073558,0.0911772366940534,0.816809669317894,0.268093593140066,-0.0088511804545983,0.0395920953008024,0.0141723388480214,-0.012387966267255,0.0157607119634609,-0.0544221582331708,-0.0596623057970764,-0.0157421628479281,-0.0881207286489651,-0.0403372583048951,0.0199351290692653,0.000496230297365351
"Unfavorable:distanceshort",-0.355828814438647,0.00529842043228087,-0.0712054486275329,0.00823411267940882,-0.0334838897342525,-0.0239394543742731,-0.0177043549856951,0.208464664247644,0.487652559324574,-0.000369524101530992,-0.0240827719563781,-0.0000531922038955767,-0.0866597358881964,0.0029144145174252,-0.0636268040844772,0.0149676356460809,-0.0411396407093283,-0.0869416462359813,-0.0972373734524502,-0.00333026957691415,0.00462574326375564,-0.355263046912042,0.00532533194950851,-0.0714845053094582,0.00838677429308569,-0.0332762933800974,-0.0239216037346068,-0.017627627981567,0.207486076228994,0.487407175227523,-0.00133009209179402,-0.0243601256148217,-0.000105009159108642,-0.0872838263392715,0.00257504842305425,-0.064078616651394,0.0154977746407775,-0.0416566357213794,-0.0880781839415049,-0.0977992358436914,-0.00337851360178641,0.00483742630116589,-0.46709369898759,0.00576011232648634,-0.0722694662354067,0.015366346115811,-0.0378615620062249,-0.0257651368959468,-0.0190743996784714,0.268093593140025,0.62471156470373,0.00169961619634501,-0.0209761534944761,0.000158201363065826,-0.0943717826430634,-0.00548946294053065,-0.0733171659619114,0.0199342875829487,-0.0471974502139195,-0.0932192155600704,-0.096560658588461,0.00670878317811403,-0.00946316956489261
"Unfavorable:dxyear2003",0.235866544790762,-0.0000149342264738397,-0.00106040804883779,0.00209270140966373,-0.00126100197861511,0.000983548883180281,0.0000729487271929584,0.00000927687570390312,-0.00000666878337562415,-0.384833660766865,-0.23576757966115,-0.235781280429464,-0.235615048607352,-0.23496662764712,-0.235541516263481,-0.23581482885108,-0.235734731880319,-0.235901637220124,-0.235741874026982,0.000594936722461588,0.00549156575978237,0.245298569590815,0.0000556375810713459,-0.000977762064327083,0.000494077849128568,-0.00134459507240126,0.00277534055747915,0.000846543077785306,0.00211424008256783,-0.000390305659941959,-0.375192740877092,-0.245596188371133,-0.245266743567163,-0.245737092917325,-0.244696040644912,-0.246132794802327,-0.246000127338758,-0.245771693736596,-0.24557993063093,-0.245772786787132,0.000918764626420966,0.00468920488973345,-0.478670145974194,-0.000296615829864698,0.00914451780430461,-0.0197795399714993,0.0146708453438261,-0.0147082257237481,-0.00532216279343385,-0.00885118045461237,0.00169961619627921,0.760026401644099,0.483375671083291,0.481048023996634,0.480997195923419,0.479662668292021,0.482422149630551,0.483445262721378,0.481741921389596,0.482313199138906,0.478897703080374,-0.00151370134884601,-0.010180770649829
"Unfavorable:dxyear2004",0.364098017781094,-0.0093517670837963,-0.0285545947264409,0.0317602587885596,0.0300178413975471,0.0627361534370631,0.0737710557455453,0.0237950585596553,-0.0229604656451314,-0.236809647587891,0.27386179119572,-0.23737841883749,-0.338297908085778,-0.236727320149271,-0.338650983821243,-0.348815083996637,-0.404830854822829,-0.335099605406906,-0.332465053418735,-0.00447702225785194,0.00227798486892631,0.374342699125416,-0.00940169945280716,-0.0279827691260118,0.0304729423638859,0.0299025511117441,0.0635903945418139,0.0731261806978313,0.0261941871054448,-0.0228954346546366,-0.246566023494253,0.264816991600279,-0.247069131422885,-0.349725660858521,-0.246740914934041,-0.349787338802079,-0.358893867060763,-0.415267012797265,-0.344390748611601,-0.342464058578831,-0.00435686941966302,0.00143756644057384,-0.359470346958001,-0.0102908580207614,-0.0283197492649227,0.033316999825966,0.0405693900824055,0.0681020857167208,0.0932824642171065,0.0395920953008346,-0.0209761534944807,0.48337567108324,1.94525770153603,0.48444755026037,0.373332974029196,0.483468235083309,0.375055239993251,0.365660616351041,0.309769051677218,0.345580378323694,0.384312892862974,0.00883389167363985,-0.0037155513096981
"Unfavorable:dxyear2005",0.239684092336171,-0.00000337714816373835,-0.000275194885824532,0.000842195458780264,0.0000836431685089034,0.0000982456836942417,-0.00112076073378295,-0.0022982076907305,0.0000356172672239064,-0.235777773859428,-0.238902157974107,-0.280007276038648,-0.239002137215521,-0.239695940178899,-0.239198591195839,-0.239229549171518,-0.239005602005442,-0.238890225460281,-0.239235259567252,-0.0000172300893573705,-0.00681732995152408,0.250055668097991,-0.0000515800884960421,0.0000805113792892281,0.000314190549088616,0.000345758259456788,0.000974677161953846,-0.00193530398161783,-0.000480341355479343,0.0000922932449568206,-0.245270250136883,-0.248990936869576,-0.292394586138669,-0.249468520323656,-0.249946211065963,-0.249430446734043,-0.249790738598946,-0.249348373957075,-0.249266826046945,-0.249534376800207,0.00016856235562239,-0.00726718908907852,-0.49491887985053,0.000165870837154722,0.000996889987206637,-0.0089955231448443,-0.00214220194011371,-0.00178366509427427,0.0182870591028087,0.0141723388480123,0.000158201363008036,0.481048023996611,0.484447550260399,0.572401862177322,0.488536287622158,0.489642151244851,0.487523607766847,0.488835986505116,0.487932995249751,0.487990032757475,0.488838645051921,-0.000151332266292789,0.0140845190402943
"Unfavorable:dxyear2006",0.337661243958534,-0.00304184360052849,-0.0206031220887837,0.000983173057622777,0.0276626023398204,0.0310709831024278,0.0170765902979259,-0.0153489769364862,-0.0842645839610915,-0.235681724789965,-0.314163801657025,-0.239152538327685,0.227608860984601,-0.241057694477046,-0.288571774642823,-0.299209229854027,-0.373397486660066,-0.285004285285427,-0.299946521285127,0.00163609304084486,-0.0115036678395876,0.349792132962432,-0.00303528862291875,-0.0199582059185559,-0.00153362551510525,0.0255317465218378,0.0294244450472548,0.0144341929606281,-0.0134969859322356,-0.08403490118824,-0.245315471133461,-0.325665231301998,-0.249383749294473,0.217061577250853,-0.25182757046271,-0.300152032424852,-0.310263900411063,-0.384269315199487,-0.295258143324098,-0.31063046134379,0.00066230771335474,-0.012384465524953,-0.397214481356411,-0.00205847269582583,-0.0269586589614171,0.000897155888209097,0.0380551144172929,0.0263253506802467,0.0358746190911434,-0.012387966267247,-0.0943717826430946,0.480997195923384,0.373332974029206,0.488536287622148,1.19872884300625,0.492885264939758,0.440291480534003,0.42996525753368,0.353694247210319,0.407819645161364,0.428258742544662,-0.00229840075530414,0.0238881333642089
"Unfavorable:dxyear2007",0.241280066728257,-0.0000132428294919955,-0.000263890527112911,0.000241765468907855,-0.000433592929589385,0.000577305142469022,-0.000802964654137588,-0.0024593736217647,0.000626458295451639,-0.234985752480529,-0.240417773467508,-0.239773028758821,-0.240780875650725,-0.298946422944961,-0.24111548557184,-0.241065706950814,-0.240862026079441,-0.240725145419115,-0.240765989241785,0.000874611375306412,-0.0136865454006783,0.252473683119129,-0.000120587635068353,0.000636512709410753,-0.000959481090466646,-0.000688722645165376,0.000633294394660244,-0.00204651937068702,-0.000916311070557834,0.000640799875011398,-0.244676915811188,-0.250582134955442,-0.249869122486044,-0.251360212293682,-0.313497869768146,-0.251249379259826,-0.251696218337315,-0.2512991395185,-0.251291375879556,-0.251133481441516,0.000901332212404179,-0.014201319758399,-0.500216200879768,0.000571682699529147,-0.00165352078820107,0.00195875468228229,0.00603547021753052,-0.00218421838297471,0.0160313093815775,0.0157607119634583,-0.005489462940585,0.47966266829202,0.483468235083358,0.489642151244873,0.492885264939791,0.612444292713097,0.492790582684185,0.493133799319291,0.492118252772924,0.491552634399859,0.491924086342118,-0.00177594358775109,0.0278878651587644
"Unfavorable:dxyear2008",0.31202044862765,-0.0011102021642294,-0.00985468974531592,-0.0385609250787017,-0.0130536133488561,-0.0333460068314906,-0.0715255360837411,-0.0526152228018363,-0.0608444372108239,-0.236131421133183,-0.309403630277702,-0.238699045003413,-0.283766086288122,-0.241254555182021,0.0991062972408209,-0.25129622190559,-0.344258354286942,-0.247931426165206,-0.286042512296857,0.00435366361233013,-0.014344200725051,0.323890695302043,-0.00108130585952045,-0.00965221212752446,-0.041186058170344,-0.0155083652331626,-0.0350710008846268,-0.0740922584878303,-0.0503100651560047,-0.060916817132479,-0.246290728498315,-0.320923812053363,-0.248824562763449,-0.295550302110554,-0.251536027502148,0.0910874918015027,-0.261859027747897,-0.354763448300403,-0.257583618587779,-0.29649385067256,0.00367918940188062,-0.0144207571921181,-0.418741943855608,-0.00023519047083723,-0.00857615230994724,-0.041981718127975,-0.00672492441202194,-0.0459058381788697,-0.0684967039616542,-0.0544221582331736,-0.0733171659619477,0.482422149630532,0.375055239993269,0.48752360776685,0.440291480534013,0.492790582684167,0.971327585735708,0.479046910260681,0.384104697947385,0.445404488169938,0.441608620547233,-0.00803285301265642,0.0287649579168488
"Unfavorable:dxyear2009",0.237792090867545,0.00307510677472009,-0.00824607233995006,-0.0974939934497351,-0.05327384646683,-0.113896085666445,-0.0881984001424876,-0.0630101191396262,0.0180552262874104,-0.236766348159362,-0.317897630601045,-0.239157005803441,-0.294408667668994,-0.24114653417179,-0.251603211197564,0.0508195568721678,-0.340556740243678,-0.246820131045369,-0.299463689731808,0.00259353398839,-0.0136446054740654,0.249051926573478,0.0029952853155933,-0.00738102367354001,-0.098548764051433,-0.0536083557303874,-0.112979107418736,-0.0900827014899771,-0.0623762739335353,0.0181807453625956,-0.24667891456254,-0.329889882057977,-0.249678980701701,-0.306805386165673,-0.251987265147515,-0.263419621570968,0.0409805092626213,-0.3517256379121,-0.257438137635475,-0.310617985503685,0.0032866276003036,-0.0137847098112141,-0.499743517393848,0.00453116028479441,-0.0110584704945999,-0.115030799034824,-0.0564901207329545,-0.13933542208184,-0.0888773716733475,-0.0596623057970923,0.0199342875829044,0.483445262721382,0.365660616351069,0.48883598650514,0.429965257533703,0.493133799319294,0.479046910260693,0.92592618783425,0.388809713273913,0.447227188199428,0.429302236792793,-0.00588016158529662,0.0274293152849494
"Unfavorable:dxyear2010",0.400747950941971,-0.00479755431121084,-0.00901504188234552,-0.0129025733832049,-0.0371174427435367,-0.0619534249623355,-0.0335250059760556,-0.0236975975440668,-0.0382589283399166,-0.235814782698889,-0.376509054534693,-0.238875728349309,-0.368817928247938,-0.240829376677615,-0.344399568243808,-0.340798464090349,0.60264351749601,-0.336802643289392,-0.365322693422261,-0.000439212527720217,-0.0121335179012713,0.412819525069957,-0.00484495884491699,-0.00856082723934416,-0.0148628140010909,-0.0384694153857469,-0.0626465784864379,-0.0354709204188723,-0.0217700045233947,-0.0385704451247553,-0.245927138690512,-0.387424054233524,-0.249057266900349,-0.380606415525559,-0.251288876095219,-0.355410274510924,-0.351207389385927,0.591787413027595,-0.346447386506298,-0.375709108737891,-0.000766044462860917,-0.0129605030168125,-0.325058261594967,-0.004298566515441,-0.00916512670192258,-0.0187377889852825,-0.0410811571332227,-0.0813324275803075,-0.0318337381310336,-0.0157421628478715,-0.0471974502138918,0.481741921389509,0.309769051677188,0.487932995249689,0.353694247210277,0.492118252772852,0.384104697947338,0.388809713273863,1.46997721496509,0.355471977119714,0.361696541993794,0.00120525699115319,0.0250940209176618
"Unfavorable:dxyear2011",0.403222631182647,-0.00263516918698405,-0.0241041834996829,-0.0631085684261808,-0.0573151841692267,-0.0580622205334646,-0.0865132078969349,-0.0916218210655817,-0.0862168127568371,-0.236168613595741,-0.339507604480116,-0.238788665272273,-0.314536347146922,-0.240456698111471,-0.282290444169574,-0.281639148294525,-0.370589071196164,0.0903958187912781,-0.311488741283232,0.00324818060376534,-0.0108153110725677,0.416528819314537,-0.00285465459205827,-0.0233687574470321,-0.0650916091485458,-0.0582964115351632,-0.0572237328245874,-0.0897098755429497,-0.0907834229773309,-0.0871940536038912,-0.246144585544611,-0.350971383607205,-0.249201367485221,-0.32662692767666,-0.251095936288347,-0.293749901386038,-0.292961783540347,-0.381596904931576,0.0812257012230337,-0.322461971419224,0.00406406485555628,-0.0107390885245185,-0.320844016222642,-0.00192562930486525,-0.0297649004463911,-0.07714801765551,-0.0582213417561003,-0.073669031358922,-0.0832209146754434,-0.0881207286489584,-0.0932192155601133,0.482313199138873,0.345580378323713,0.487990032757469,0.407819645161367,0.491552634399831,0.445404488169931,0.447227188199402,0.355471977119772,1.77877016928838,0.415422986906223,-0.00731224545629801,0.0215543995967426
"Unfavorable:dxyear2012",0.355021980154801,-0.00516377757035558,-0.0120736519955512,0.0312964630052978,-0.0199327935198495,0.0451592228516259,0.0281841037123392,-0.0481339748145125,-0.0927723781347986,-0.234374556042229,-0.30312479209485,-0.239294116494712,-0.294128788906079,-0.240777781008646,-0.284739935034597,-0.297844017420458,-0.363621644297886,-0.276202175078013,0.250259216332606,0.00394948518279019,-0.0118470976027301,0.36546129942103,-0.00523152767503917,-0.0113210699845368,0.0311380484851688,-0.0197204267930965,0.0463391461417061,0.0279880954045048,-0.0458332768290828,-0.0932697464890131,-0.244523147038275,-0.314094660992459,-0.249544528557227,-0.306016891459135,-0.25114630533344,-0.296387383975277,-0.30888939812492,-0.374423307401894,-0.285959305564521,0.241445639152362,0.00444543799358218,-0.012182867614267,-0.373871095597617,-0.00508454201941088,-0.0183430963373007,0.0305725446008167,-0.0234942580556338,0.0411412001081806,0.045433181131713,-0.0403372583048825,-0.0965606585884925,0.478897703080344,0.384312892862996,0.488838645051914,0.428258742544671,0.491924086342093,0.441608620547231,0.429302236792776,0.361696541993841,0.415422986906226,1.09972876712009,-0.00839492317591315,0.0240299652166748
"Unfavorable:lineageT",0.00033936461084345,0.000163768721104298,0.00128775276346448,-0.000224553261994633,-0.000494370476946965,-0.0000696142080789277,-0.0000115117326697739,-0.00126903904032653,-0.000350124675501337,-0.00130882090414928,-0.00254384333084358,-0.0017145500958287,-0.000384004463039587,0.000556635115060358,0.000517071559780661,-0.00023644990797341,-0.000610231491493782,-0.00146847590265371,0.000637526726850886,-0.120274990881747,-0.00204801486261025,-0.00171542051751016,0.000411181839031818,0.00116904322503215,-0.00241942033135315,-0.0023350362527592,-0.000856916085823959,-0.00179174745288904,-0.00210789575219462,-0.000116476371388345,0.00282252225300984,-0.000459226236482035,0.00186588236210585,0.00112459921843755,0.00121930847267393,0.00511926408721938,0.00374131566553463,0.00152740955356272,-0.000489751485450688,0.00482805380407997,-0.04178292994165,-0.00282087450463773,-0.0092001301789102,-0.00141991372125507,-0.00645169900456137,0.000746384513227554,0.00468367375458167,0.0046515465670311,0.00205578035308435,0.0199351290692449,0.00670878317809278,-0.00151370134882933,0.00883389167365966,-0.00015133226627656,-0.00229840075528425,-0.00177594358773474,-0.00803285301263587,-0.00588016158527929,0.00120525699117592,-0.00731224545626871,-0.00839492317589208,0.162057920823325,0.00486888936724909
"Unfavorable:protocolDFCI",0.0111866110950702,0.0000131704633803596,0.000206608447893038,-0.000722886475489159,0.0000350532637827579,0.000460556939755641,-0.0000895713582381484,-0.000139409910092335,0.00107191822275316,0.00534105463108708,-0.0101713965083151,-0.00678465993491937,-0.0112922648189716,-0.0135803870793078,-0.0115671713240879,-0.011206877063431,-0.0111836641863522,-0.0121005649009386,-0.0104250120329309,-0.00211198198418823,-0.0494895645991209,0.0117241513937479,0.0000601012751609162,0.000626067155466177,-0.00112978614821722,-0.000622684914141629,0.000156212723714965,-0.0009286503049109,0.000312027555927886,0.0015638478915328,0.00483971601874016,-0.0105470634746239,-0.00729985910539938,-0.0115460946573207,-0.0143074780794817,-0.0107088845539119,-0.0114453947960629,-0.0117349708740873,-0.0129650948349145,-0.010693993293782,-0.00275690738303519,-0.0494443966902782,-0.033453596315484,0.000438167010398335,-0.00172477756034639,0.00322666029596344,-0.00186590752138373,-0.00200493743163779,0.000392726483551543,0.000496230297364545,-0.00946316956490017,-0.0101807706498043,-0.00371555130966639,0.0140845190403193,0.0238881333642378,0.0278878651587889,0.0287649579168732,0.0274293152849699,0.0250940209176881,0.0215543995967679,0.0240299652167018,0.00486888936724837,0.0989339612893832
